Seq,Host,Starttime,JobRuntime,Send,Receive,Exitval,Signal,SEED,LEARNING_RATE,BATCH_SIZE,MDP_MODULE_DISCOUNT
2,:,1612282854.817,5.298,0,636,0,0,3602412539,0.5,1,0.8
3,:,1612282854.822,5.312,0,636,0,0,1501843923,0.125,1,0.95
4,:,1612282854.827,5.328,0,636,0,0,733348321,1,1,0.8
1,:,1612282854.812,5.348,0,636,0,0,240309497,0.0625,1,0.9
6,:,1612282854.836,5.331,0,636,0,0,1111384852,1,1,0.8
18,:,1612282854.884,5.314,0,637,0,0,240309497,1,1,0.9
19,:,1612282854.889,5.38,0,637,0,0,4047805392,0.125,1,0.95
17,:,1612282854.878,5.398,0,637,0,0,4047805392,2,1,0.8
20,:,1612282854.893,5.39,0,637,0,0,4017802264,0.0625,1,0.9
22,:,1612282854.902,5.388,0,637,0,0,384799037,2,1,0.9
16,:,1612282854.873,5.432,0,637,0,0,4173556719,0.125,1,0.8
24,:,1612282854.911,5.415,0,637,0,0,733348321,2,1,0.8
5,:,1612282854.832,5.53,0,636,0,0,1111384852,0.0625,5,0.9
12,:,1612282854.861,5.524,0,637,0,0,991818103,0.5,5,0.9
7,:,1612282854.841,5.554,0,636,0,0,4173556719,0.5,5,0.9
15,:,1612282854.87,5.539,0,637,0,0,384799037,0.5,1,0.9
13,:,1612282854.864,5.569,0,637,0,0,1395720285,0.0625,1,0.95
25,:,1612282854.926,5.518,0,637,0,0,2390141961,2,5,0.9
29,:,1612282854.945,5.523,0,637,0,0,90715284,2,5,0.9
31,:,1612282854.958,5.538,0,637,0,0,3390822559,1,5,0.95
27,:,1612282854.935,5.59,0,637,0,0,90715284,0.0625,5,0.9
32,:,1612282854.986,5.56,0,637,0,0,1501843923,1,5,0.8
8,:,1612282854.845,5.764,0,636,0,0,240309497,0.25,25,0.9
9,:,1612282854.849,5.776,0,636,0,0,2390141961,0.0625,25,0.8
10,:,1612282854.853,5.792,0,637,0,0,384799037,2,25,0.9
23,:,1612282854.906,5.773,0,637,0,0,4017802264,2,25,0.8
26,:,1612282854.931,5.755,0,637,0,0,1953635580,0.5,25,0.8
21,:,1612282854.897,5.817,0,637,0,0,3390822559,0.0625,25,0.8
28,:,1612282854.94,5.793,0,637,0,0,107577988,1,25,0.8
14,:,1612282854.867,5.898,0,637,0,0,90715284,0.0625,25,0.9
11,:,1612282854.857,5.957,0,637,0,0,1501843923,0.125,5,0.8
30,:,1612282854.953,5.885,0,637,0,0,107577988,2,25,0.95
34,:,1612282860.154,5.312,0,637,0,0,4047805392,0.5,1,0.95
35,:,1612282860.161,5.312,0,637,0,0,2034693659,0.25,1,0.9
33,:,1612282860.134,5.47,0,637,0,0,4017802264,0.5,5,0.9
36,:,1612282860.167,5.445,0,637,0,0,4017802264,0.25,5,0.8
37,:,1612282860.198,5.427,0,637,0,0,2390141961,0.125,1,0.8
38,:,1612282860.206,5.427,0,637,0,0,1395720285,0.0625,5,0.8
41,:,1612282860.291,5.404,0,637,0,0,3602412539,0.125,5,0.8
44,:,1612282860.363,5.384,0,637,0,0,1111384852,2,5,0.8
42,:,1612282860.305,5.497,0,637,0,0,3543305936,0.0625,5,0.8
43,:,1612282860.326,5.492,0,637,0,0,1395720285,0.0625,5,0.9
48,:,1612282860.432,5.436,0,637,0,0,4173556719,2,1,0.8
47,:,1612282860.409,5.475,0,637,0,0,2390141961,0.25,5,0.9
51,:,1612282860.495,5.405,0,637,0,0,4047805392,2,1,0.9
40,:,1612282860.283,5.782,0,637,0,0,384799037,0.5,25,0.9
53,:,1612282860.547,5.528,0,637,0,0,4047805392,0.0625,5,0.9
39,:,1612282860.276,5.838,0,637,0,0,2289609983,2,25,0.95
54,:,1612282860.555,5.573,0,637,0,0,3390822559,0.125,5,0.8
55,:,1612282860.626,5.515,0,637,0,0,4047805392,0.5,5,0.9
57,:,1612282860.679,5.494,0,637,0,0,107577988,0.0625,1,0.95
45,:,1612282860.386,5.815,0,637,0,0,2182315642,2,25,0.9
58,:,1612282860.686,5.521,0,637,0,0,991818103,0.0625,5,0.95
46,:,1612282860.396,5.818,0,637,0,0,240309497,1,25,0.8
50,:,1612282860.468,5.752,0,637,0,0,90715284,2,25,0.8
56,:,1612282860.646,5.582,0,637,0,0,4173556719,0.25,5,0.8
60,:,1612282860.734,5.503,0,637,0,0,4047805392,0.125,5,0.8
52,:,1612282860.525,5.851,0,637,0,0,1111384852,0.5,25,0.8
64,:,1612282860.862,5.555,0,637,0,0,3543305936,0.5,5,0.95
49,:,1612282860.444,5.993,0,637,0,0,1395720285,0.25,25,0.8
59,:,1612282860.714,5.737,0,637,0,0,3543305936,0.125,25,0.9
61,:,1612282860.766,5.697,0,637,0,0,1395720285,0.25,1,0.95
62,:,1612282860.814,5.811,0,637,0,0,2289609983,0.5,25,0.95
63,:,1612282860.838,6.247,0,637,0,0,1953635580,2,25,0.95
66,:,1612282865.489,5.292,0,637,0,0,1395720285,0.5,1,0.95
65,:,1612282865.473,5.44,0,637,0,0,384799037,0.25,5,0.95
69,:,1612282865.634,5.286,0,637,0,0,1501843923,2,1,0.8
71,:,1612282865.747,5.314,0,637,0,0,4047805392,0.125,1,0.8
68,:,1612282865.624,5.49,0,637,0,0,2390141961,0.25,5,0.8
70,:,1612282865.695,5.43,0,637,0,0,2390141961,0.0625,5,0.8
73,:,1612282865.817,5.331,0,637,0,0,240309497,2,5,0.8
76,:,1612282865.9,5.401,0,637,0,0,2289609983,2,5,0.95
77,:,1612282865.964,5.358,0,637,0,0,3390822559,2,1,0.95
67,:,1612282865.613,5.736,0,637,0,0,2289609983,0.125,25,0.8
78,:,1612282866.074,5.425,0,637,0,0,2390141961,0.125,5,0.9
81,:,1612282866.141,5.371,0,637,0,0,384799037,0.125,1,0.95
80,:,1612282866.129,5.462,0,637,0,0,991818103,1,5,0.9
72,:,1612282865.802,5.842,0,637,0,0,90715284,0.5,25,0.8
84,:,1612282866.207,5.444,0,637,0,0,240309497,0.5,5,0.95
89,:,1612282866.252,5.411,0,637,0,0,733348321,0.0625,1,0.8
85,:,1612282866.213,5.485,0,637,0,0,4017802264,2,5,0.9
74,:,1612282865.867,5.905,0,637,0,0,2390141961,2,25,0.9
83,:,1612282866.202,5.58,0,637,0,0,2182315642,0.5,5,0.9
86,:,1612282866.219,5.573,0,637,0,0,2289609983,0.0625,5,0.95
87,:,1612282866.227,5.584,0,637,0,0,1501843923,0.5,5,0.8
91,:,1612282866.438,5.385,0,637,0,0,2034693659,0.0625,1,0.8
79,:,1612282866.114,5.824,0,637,0,0,4047805392,0.25,25,0.9
82,:,1612282866.173,5.773,0,637,0,0,2034693659,2,25,0.9
93,:,1612282866.462,5.495,0,637,0,0,4047805392,0.25,1,0.9
94,:,1612282866.483,5.486,0,637,0,0,3543305936,2,5,0.9
88,:,1612282866.237,5.861,0,637,0,0,4173556719,0.25,25,0.8
95,:,1612282866.639,5.49,0,637,0,0,1111384852,1,5,0.8
75,:,1612282865.883,6.359,0,637,0,0,733348321,1,25,0.8
90,:,1612282866.416,5.932,0,637,0,0,733348321,0.5,25,0.9
92,:,1612282866.452,6.026,0,637,0,0,733348321,0.125,25,0.9
96,:,1612282867.12,6.381,0,637,0,0,2390141961,1,25,0.95
98,:,1612282870.919,5.437,0,637,0,0,1953635580,0.0625,5,0.9
97,:,1612282870.826,5.555,0,637,0,0,240309497,0.0625,1,0.95
101,:,1612282871.126,5.44,0,638,0,0,1501843923,2,5,0.95
99,:,1612282870.946,5.813,0,637,0,0,3602412539,0.0625,25,0.9
106,:,1612282871.374,5.444,0,638,0,0,733348321,0.125,5,0.8
107,:,1612282871.513,5.338,0,638,0,0,2034693659,2,1,0.9
105,:,1612282871.348,5.516,0,638,0,0,4047805392,0.0625,5,0.8
100,:,1612282871.114,5.773,0,638,0,0,240309497,1,25,0.9
102,:,1612282871.148,5.766,0,638,0,0,107577988,0.125,25,0.8
111,:,1612282871.663,5.349,0,638,0,0,2034693659,0.25,1,0.8
103,:,1612282871.17,5.861,0,638,0,0,1111384852,0.25,25,0.95
112,:,1612282871.698,5.355,0,638,0,0,3390822559,1,1,0.95
108,:,1612282871.532,5.542,0,638,0,0,1501843923,0.5,5,0.95
109,:,1612282871.604,5.527,0,638,0,0,1395720285,0.5,5,0.9
110,:,1612282871.651,5.494,0,638,0,0,107577988,0.5,5,0.95
117,:,1612282871.823,5.338,0,638,0,0,240309497,0.0625,1,0.8
115,:,1612282871.792,5.425,0,638,0,0,2034693659,0.5,1,0.9
116,:,1612282871.81,5.446,0,638,0,0,2390141961,0.5,5,0.9
118,:,1612282871.856,5.407,0,638,0,0,3390822559,0.125,1,0.8
114,:,1612282871.782,5.567,0,638,0,0,991818103,0.125,1,0.8
121,:,1612282871.969,5.389,0,638,0,0,4017802264,0.0625,1,0.8
120,:,1612282871.956,5.424,0,638,0,0,1501843923,0.25,1,0.95
122,:,1612282872.034,5.358,0,638,0,0,3543305936,0.25,1,0.95
104,:,1612282871.322,6.081,0,638,0,0,2182315642,2,25,0.8
123,:,1612282872.128,5.407,0,638,0,0,90715284,0.25,5,0.95
124,:,1612282872.152,5.409,0,638,0,0,2390141961,2,5,0.8
119,:,1612282871.946,5.727,0,638,0,0,3543305936,0.25,25,0.8
113,:,1612282871.713,6.197,0,638,0,0,1111384852,2,25,0.95
126,:,1612282872.39,5.527,0,638,0,0,107577988,0.25,5,0.9
125,:,1612282872.286,5.684,0,638,0,0,3390822559,2,25,0.8
127,:,1612282872.506,5.942,0,638,0,0,4047805392,0.0625,25,0.8
128,:,1612282873.522,5.951,0,638,0,0,2390141961,0.125,5,0.95
129,:,1612282876.367,5.353,0,638,0,0,2182315642,1,1,0.9
130,:,1612282876.454,5.492,0,638,0,0,3602412539,1,5,0.8
132,:,1612282876.783,5.299,0,638,0,0,991818103,0.5,1,0.8
134,:,1612282876.863,5.238,0,638,0,0,240309497,2,1,0.8
135,:,1612282876.887,5.324,0,638,0,0,2390141961,0.0625,1,0.8
131,:,1612282876.603,5.722,0,638,0,0,4017802264,2,25,0.95
133,:,1612282876.851,5.567,0,638,0,0,733348321,1,5,0.9
140,:,1612282877.074,5.357,0,638,0,0,2289609983,2,1,0.8
138,:,1612282877.031,5.417,0,638,0,0,4047805392,0.5,5,0.95
141,:,1612282877.094,5.362,0,638,0,0,2182315642,0.0625,1,0.9
139,:,1612282877.053,5.503,0,638,0,0,733348321,0.0625,5,0.9
143,:,1612282877.161,5.401,0,638,0,0,3390822559,1,5,0.9
144,:,1612282877.217,5.381,0,638,0,0,1395720285,0.25,1,0.8
142,:,1612282877.141,5.526,0,638,0,0,240309497,0.0625,5,0.8
145,:,1612282877.256,5.427,0,638,0,0,1501843923,0.0625,1,0.8
136,:,1612282876.915,5.815,0,638,0,0,4017802264,0.5,25,0.9
137,:,1612282876.928,5.811,0,638,0,0,3602412539,0.5,25,0.9
148,:,1612282877.358,5.392,0,638,0,0,3543305936,1,1,0.9
150,:,1612282877.391,5.376,0,638,0,0,4047805392,1,5,0.9
147,:,1612282877.281,5.586,0,638,0,0,3390822559,1,5,0.8
153,:,1612282877.561,5.311,0,638,0,0,4017802264,0.25,1,0.9
154,:,1612282877.578,5.461,0,638,0,0,1395720285,2,5,0.8
155,:,1612282877.688,5.37,0,638,0,0,4047805392,0.125,1,0.9
146,:,1612282877.263,5.808,0,638,0,0,2390141961,1,25,0.8
149,:,1612282877.38,5.825,0,638,0,0,384799037,1,25,0.9
151,:,1612282877.402,5.811,0,638,0,0,2182315642,0.0625,25,0.9
152,:,1612282877.423,5.807,0,638,0,0,2182315642,0.5,25,0.9
156,:,1612282877.917,5.392,0,638,0,0,107577988,0.5,1,0.9
157,:,1612282877.939,5.407,0,638,0,0,1395720285,0.125,1,0.8
158,:,1612282877.976,5.781,0,638,0,0,1953635580,2,25,0.9
159,:,1612282878.498,5.563,0,638,0,0,1111384852,0.25,5,0.9
160,:,1612282879.502,5.536,0,638,0,0,90715284,0.0625,1,0.8
162,:,1612282881.97,5.44,0,638,0,0,1953635580,0.25,5,0.8
161,:,1612282881.729,5.812,0,638,0,0,90715284,0.25,25,0.95
164,:,1612282882.129,5.419,0,638,0,0,90715284,0.0625,5,0.8
168,:,1612282882.448,5.363,0,638,0,0,991818103,0.25,1,0.8
163,:,1612282882.101,5.727,0,638,0,0,4017802264,2,25,0.9
170,:,1612282882.478,5.37,0,638,0,0,384799037,0.25,1,0.8
171,:,1612282882.562,5.394,0,638,0,0,1395720285,2,5,0.9
173,:,1612282882.635,5.335,0,638,0,0,1111384852,2,1,0.95
172,:,1612282882.599,5.408,0,638,0,0,384799037,2,5,0.95
165,:,1612282882.227,5.803,0,638,0,0,2034693659,1,25,0.95
174,:,1612282882.682,5.458,0,638,0,0,90715284,2,5,0.8
166,:,1612282882.347,5.864,0,638,0,0,107577988,0.5,25,0.8
176,:,1612282882.739,5.478,0,638,0,0,4173556719,0.5,5,0.95
167,:,1612282882.431,5.825,0,638,0,0,240309497,0.5,25,0.9
177,:,1612282882.75,5.512,0,638,0,0,1395720285,0.25,5,0.95
169,:,1612282882.457,5.812,0,638,0,0,107577988,1,25,0.9
180,:,1612282882.873,5.406,0,638,0,0,4017802264,0.125,1,0.9
179,:,1612282882.8,5.486,0,638,0,0,1953635580,2,5,0.8
178,:,1612282882.767,5.544,0,638,0,0,107577988,0.0625,5,0.9
181,:,1612282882.894,5.424,0,638,0,0,1501843923,2,1,0.95
182,:,1612282883.058,5.362,0,638,0,0,1501843923,0.25,1,0.9
175,:,1612282882.692,5.838,0,638,0,0,3390822559,1,25,0.9
184,:,1612282883.107,5.442,0,638,0,0,991818103,0.125,5,0.95
185,:,1612282883.213,5.351,0,638,0,0,4173556719,2,1,0.9
186,:,1612282883.23,5.392,0,638,0,0,1111384852,0.25,1,0.8
188,:,1612282883.315,5.315,0,638,0,0,1111384852,0.5,1,0.8
189,:,1612282883.364,5.382,0,638,0,0,1501843923,1,1,0.8
187,:,1612282883.244,5.509,0,638,0,0,1501843923,1,5,0.95
183,:,1612282883.07,5.782,0,638,0,0,2289609983,0.25,25,0.95
190,:,1612282883.773,5.46,0,638,0,0,90715284,0.25,5,0.9
191,:,1612282884.122,5.855,0,638,0,0,384799037,0.0625,25,0.8
192,:,1612282885.052,5.649,0,638,0,0,1501843923,0.125,5,0.95
195,:,1612282887.57,5.404,0,638,0,0,991818103,0.25,5,0.9
194,:,1612282887.548,5.588,0,638,0,0,3543305936,0.0625,5,0.95
196,:,1612282887.828,5.409,0,638,0,0,991818103,0.5,5,0.95
193,:,1612282887.443,5.882,0,638,0,0,2182315642,0.5,25,0.8
197,:,1612282887.847,5.486,0,638,0,0,2182315642,0.25,5,0.9
199,:,1612282887.969,5.37,0,638,0,0,733348321,1,1,0.9
200,:,1612282888.008,5.568,0,638,0,0,107577988,1,5,0.9
203,:,1612282888.172,5.435,0,638,0,0,1395720285,0.5,1,0.8
207,:,1612282888.269,5.394,0,638,0,0,3390822559,0.125,1,0.9
209,:,1612282888.286,5.392,0,638,0,0,3543305936,0.125,1,0.8
206,:,1612282888.261,5.437,0,638,0,0,2390141961,1,5,0.95
208,:,1612282888.279,5.431,0,638,0,0,3390822559,2,1,0.8
211,:,1612282888.318,5.412,0,638,0,0,1395720285,0.125,1,0.95
205,:,1612282888.226,5.523,0,638,0,0,240309497,0.5,5,0.9
214,:,1612282888.55,5.365,0,638,0,0,2182315642,0.5,1,0.95
216,:,1612282888.573,5.354,0,638,0,0,1395720285,1,1,0.9
198,:,1612282887.906,6.078,0,638,0,0,4017802264,0.125,25,0.8
201,:,1612282888.031,5.96,0,638,0,0,90715284,0.125,25,0.9
202,:,1612282888.066,5.953,0,638,0,0,4047805392,0.125,25,0.9
215,:,1612282888.565,5.48,0,638,0,0,2182315642,1,5,0.9
217,:,1612282888.63,5.428,0,638,0,0,4173556719,0.0625,1,0.9
204,:,1612282888.218,5.959,0,638,0,0,2034693659,0.0625,25,0.95
212,:,1612282888.356,5.835,0,638,0,0,240309497,2,25,0.95
218,:,1612282888.662,5.536,0,638,0,0,2034693659,0.125,5,0.8
210,:,1612282888.311,5.955,0,638,0,0,240309497,0.25,25,0.95
213,:,1612282888.446,5.843,0,638,0,0,2182315642,0.125,25,0.95
221,:,1612282888.861,5.52,0,638,0,0,2182315642,0.125,5,0.95
220,:,1612282888.79,5.6,0,638,0,0,4017802264,0.25,1,0.8
219,:,1612282888.754,5.942,0,638,0,0,3390822559,2,25,0.95
222,:,1612282889.247,5.763,0,638,0,0,991818103,0.0625,25,0.9
223,:,1612282890.002,5.715,0,638,0,0,1953635580,1,1,0.8
224,:,1612282890.759,5.669,0,638,0,0,1953635580,0.25,1,0.9
225,:,1612282893.013,5.621,0,638,0,0,2182315642,0.25,1,0.95
226,:,1612282893.158,5.487,0,638,0,0,90715284,0.125,1,0.9
227,:,1612282893.272,5.379,0,638,0,0,2034693659,2,1,0.95
228,:,1612282893.333,5.353,0,638,0,0,991818103,0.125,1,0.9
230,:,1612282893.354,5.567,0,638,0,0,4047805392,0.25,5,0.95
231,:,1612282893.606,5.325,0,638,0,0,1111384852,2,1,0.8
232,:,1612282893.662,5.278,0,638,0,0,107577988,1,1,0.95
229,:,1612282893.339,5.611,0,638,0,0,384799037,0.0625,5,0.9
233,:,1612282893.679,5.375,0,638,0,0,4173556719,0.25,1,0.9
234,:,1612282893.698,5.371,0,638,0,0,107577988,2,1,0.9
236,:,1612282893.73,5.608,0,638,0,0,733348321,0.5,5,0.95
238,:,1612282893.776,5.575,0,638,0,0,3543305936,0.25,5,0.9
239,:,1612282893.927,5.457,0,638,0,0,1111384852,0.125,1,0.95
242,:,1612282894.018,5.376,0,638,0,0,991818103,0.5,1,0.95
240,:,1612282893.942,5.521,0,638,0,0,991818103,0.5,5,0.8
241,:,1612282893.991,5.493,0,638,0,0,3602412539,2,1,0.8
235,:,1612282893.71,5.835,0,638,0,0,1953635580,0.5,25,0.95
237,:,1612282893.749,5.806,0,638,0,0,991818103,0.5,25,0.95
247,:,1612282894.198,5.453,0,638,0,0,4017802264,0.0625,5,0.8
243,:,1612282894.045,5.826,0,638,0,0,240309497,0.0625,25,0.9
245,:,1612282894.074,5.805,0,638,0,0,4173556719,1,25,0.95
244,:,1612282894.058,5.834,0,638,0,0,240309497,0.125,25,0.95
249,:,1612282894.29,5.812,0,638,0,0,3390822559,0.125,5,0.95
250,:,1612282894.318,5.791,0,638,0,0,1501843923,0.125,25,0.8
252,:,1612282894.434,5.684,0,638,0,0,4017802264,0.5,1,0.9
246,:,1612282894.191,5.987,0,638,0,0,3543305936,0.5,25,0.8
251,:,1612282894.39,5.797,0,638,0,0,3602412539,2,25,0.8
253,:,1612282894.731,5.467,0,638,0,0,4173556719,2,5,0.8
248,:,1612282894.266,5.951,0,638,0,0,2289609983,0.25,25,0.8
254,:,1612282895.066,5.916,0,638,0,0,1953635580,0.0625,25,0.95
255,:,1612282895.774,5.756,0,638,0,0,4017802264,2,1,0.95
256,:,1612282896.453,6.023,0,638,0,0,3543305936,1,25,0.8
258,:,1612282898.652,5.414,0,638,0,0,2289609983,0.25,1,0.8
259,:,1612282898.686,5.413,0,638,0,0,90715284,2,5,0.95
260,:,1612282898.71,5.395,0,638,0,0,3602412539,0.25,1,0.8
263,:,1612282898.95,5.332,0,638,0,0,4173556719,0.125,1,0.95
257,:,1612282898.645,5.756,0,638,0,0,3602412539,2,25,0.95
265,:,1612282899.068,5.461,0,638,0,0,4017802264,0.125,5,0.95
266,:,1612282899.118,5.546,0,638,0,0,4173556719,0.25,1,0.95
268,:,1612282899.384,5.363,0,638,0,0,3390822559,0.25,1,0.95
261,:,1612282898.932,5.896,0,638,0,0,1501843923,0.25,5,0.8
262,:,1612282898.94,5.895,0,638,0,0,3543305936,0.0625,25,0.9
264,:,1612282898.957,5.889,0,638,0,0,107577988,0.25,25,0.95
267,:,1612282899.35,5.565,0,638,0,0,384799037,0.25,5,0.8
273,:,1612282899.555,5.366,0,638,0,0,1395720285,2,1,0.9
275,:,1612282899.662,5.532,0,638,0,0,107577988,0.0625,5,0.95
269,:,1612282899.393,5.886,0,638,0,0,1111384852,0.0625,25,0.9
270,:,1612282899.407,5.881,0,638,0,0,733348321,0.25,25,0.8
276,:,1612282899.879,5.421,0,638,0,0,384799037,0.25,1,0.95
278,:,1612282899.912,5.41,0,638,0,0,3602412539,0.0625,1,0.9
274,:,1612282899.563,5.855,0,638,0,0,384799037,0.125,25,0.8
271,:,1612282899.484,5.942,0,638,0,0,107577988,0.125,25,0.9
272,:,1612282899.512,5.921,0,638,0,0,4017802264,0.125,25,0.95
277,:,1612282899.893,5.558,0,638,0,0,2289609983,1,5,0.8
279,:,1612282900.11,5.428,0,638,0,0,4047805392,0.25,1,0.8
282,:,1612282900.188,5.374,0,638,0,0,3602412539,0.5,1,0.9
283,:,1612282900.198,5.384,0,638,0,0,2390141961,1,1,0.95
280,:,1612282900.119,5.508,0,638,0,0,3543305936,0.5,5,0.9
281,:,1612282900.178,5.469,0,638,0,0,4173556719,0.5,1,0.95
284,:,1612282900.218,5.854,0,638,0,0,2289609983,0.125,25,0.9
285,:,1612282900.264,5.942,0,638,0,0,3390822559,0.0625,25,0.95
286,:,1612282901,5.818,0,638,0,0,1111384852,0.0625,25,0.95
287,:,1612282901.554,5.674,0,638,0,0,3602412539,0.125,1,0.9
288,:,1612282902.483,5.93,0,638,0,0,3390822559,0.5,1,0.95
290,:,1612282904.106,5.384,0,638,0,0,1953635580,2,1,0.9
289,:,1612282904.1,5.49,0,638,0,0,733348321,0.125,5,0.9
292,:,1612282904.308,5.434,0,638,0,0,3543305936,0.25,5,0.8
291,:,1612282904.165,5.888,0,638,0,0,4047805392,1,25,0.8
294,:,1612282904.537,5.525,0,638,0,0,2182315642,0.5,5,0.8
295,:,1612282904.687,5.43,0,638,0,0,2289609983,2,1,0.9
296,:,1612282904.763,5.483,0,638,0,0,1111384852,2,5,0.9
293,:,1612282904.43,5.832,0,638,0,0,4047805392,0.125,25,0.95
299,:,1612282904.856,5.419,0,638,0,0,3543305936,0.125,1,0.9
297,:,1612282904.836,5.459,0,638,0,0,3602412539,1,5,0.95
301,:,1612282904.933,5.368,0,638,0,0,2390141961,2,1,0.95
298,:,1612282904.846,5.47,0,638,0,0,240309497,0.0625,5,0.9
303,:,1612282905.288,5.31,0,638,0,0,1501843923,0.25,1,0.8
300,:,1612282904.921,5.825,0,638,0,0,1395720285,0.5,25,0.9
308,:,1612282905.433,5.328,0,638,0,0,2289609983,1,1,0.95
304,:,1612282905.299,5.494,0,638,0,0,3602412539,0.25,5,0.9
305,:,1612282905.322,5.516,0,638,0,0,991818103,1,1,0.8
302,:,1612282905.223,5.733,0,638,0,0,2182315642,2,5,0.9
310,:,1612282905.51,5.518,0,638,0,0,3390822559,0.5,5,0.9
313,:,1612282905.626,5.414,0,638,0,0,1953635580,0.125,5,0.8
315,:,1612282905.67,5.385,0,638,0,0,4047805392,0.0625,1,0.8
307,:,1612282905.425,5.834,0,638,0,0,4017802264,0.5,25,0.8
309,:,1612282905.451,5.816,0,638,0,0,1111384852,1,25,0.95
306,:,1612282905.351,5.955,0,638,0,0,2034693659,2,25,0.8
311,:,1612282905.561,5.837,0,638,0,0,1111384852,0.0625,25,0.8
312,:,1612282905.582,5.839,0,638,0,0,2390141961,2,25,0.8
314,:,1612282905.647,5.822,0,638,0,0,384799037,0.25,25,0.9
316,:,1612282906.087,5.421,0,638,0,0,1111384852,0.25,1,0.9
317,:,1612282906.23,5.776,0,638,0,0,1395720285,0.25,25,0.9
318,:,1612282906.874,5.746,0,638,0,0,733348321,2,25,0.9
319,:,1612282907.234,5.638,0,638,0,0,90715284,0.125,5,0.8
320,:,1612282908.462,5.878,0,638,0,0,384799037,0.0625,5,0.8
323,:,1612282909.756,5.313,0,638,0,0,733348321,0.5,1,0.95
321,:,1612282909.509,5.743,0,638,0,0,4047805392,1,25,0.9
322,:,1612282909.618,5.648,0,638,0,0,384799037,1,25,0.8
328,:,1612282910.275,5.263,0,638,0,0,107577988,1,1,0.9
329,:,1612282910.295,5.25,0,638,0,0,4173556719,0.25,1,0.8
330,:,1612282910.301,5.252,0,638,0,0,90715284,0.25,1,0.8
326,:,1612282910.158,5.495,0,638,0,0,4017802264,0.25,5,0.9
331,:,1612282910.316,5.423,0,638,0,0,4017802264,1,5,0.9
324,:,1612282910.061,5.697,0,638,0,0,384799037,2,25,0.8
325,:,1612282910.1,5.674,0,638,0,0,2390141961,0.0625,25,0.95
333,:,1612282910.642,5.279,0,638,0,0,3390822559,2,1,0.9
327,:,1612282910.262,5.72,0,638,0,0,4017802264,1,25,0.95
332,:,1612282910.341,5.824,0,638,0,0,2034693659,2,25,0.95
336,:,1612282910.838,5.335,0,638,0,0,2034693659,1,1,0.8
335,:,1612282910.794,5.406,0,638,0,0,3602412539,0.5,5,0.95
338,:,1612282910.975,5.369,0,638,0,0,107577988,0.25,1,0.8
340,:,1612282911.055,5.393,0,638,0,0,2034693659,2,5,0.9
334,:,1612282910.762,5.791,0,638,0,0,991818103,2,25,0.8
337,:,1612282910.847,5.822,0,638,0,0,991818103,0.25,25,0.95
342,:,1612282911.268,5.409,0,638,0,0,2289609983,0.25,1,0.9
343,:,1612282911.306,5.395,0,638,0,0,991818103,1,1,0.9
344,:,1612282911.342,5.372,0,638,0,0,3602412539,0.25,1,0.9
345,:,1612282911.421,5.302,0,638,0,0,90715284,2,1,0.9
339,:,1612282911.039,5.724,0,638,0,0,1501843923,2,25,0.9
341,:,1612282911.064,5.814,0,638,0,0,4017802264,0.25,25,0.8
348,:,1612282911.57,5.324,0,638,0,0,384799037,0.5,1,0.95
346,:,1612282911.47,5.82,0,638,0,0,1395720285,0.0625,25,0.95
347,:,1612282911.507,5.791,0,638,0,0,3390822559,2,25,0.9
349,:,1612282912.02,5.677,0,638,0,0,107577988,0.125,25,0.95
351,:,1612282912.896,5.482,0,638,0,0,991818103,0.0625,5,0.9
350,:,1612282912.657,5.802,0,638,0,0,2034693659,0.0625,25,0.9
352,:,1612282914.359,5.644,0,638,0,0,733348321,0.25,5,0.95
355,:,1612282915.272,5.349,0,638,0,0,2390141961,0.5,1,0.9
353,:,1612282915.134,5.664,0,638,0,0,3543305936,0.5,25,0.95
356,:,1612282915.545,5.306,0,638,0,0,733348321,0.25,1,0.95
354,:,1612282915.265,5.72,0,638,0,0,1501843923,1,25,0.95
357,:,1612282915.553,5.44,0,638,0,0,733348321,0.25,5,0.8
360,:,1612282915.758,5.338,0,638,0,0,2182315642,0.125,1,0.8
359,:,1612282915.694,5.415,0,638,0,0,1111384852,0.125,1,0.9
358,:,1612282915.594,5.799,0,638,0,0,90715284,0.25,25,0.9
363,:,1612282915.982,5.478,0,638,0,0,4017802264,0.0625,5,0.9
361,:,1612282915.773,5.733,0,638,0,0,1111384852,0.5,25,0.95
362,:,1612282915.78,5.739,0,638,0,0,240309497,0.0625,25,0.8
365,:,1612282916.173,5.361,0,638,0,0,240309497,0.125,1,0.9
367,:,1612282916.213,5.444,0,638,0,0,733348321,0.5,5,0.9
364,:,1612282916.017,5.743,0,638,0,0,240309497,0.5,25,0.95
368,:,1612282916.375,5.414,0,638,0,0,240309497,0.25,5,0.8
366,:,1612282916.2,5.823,0,638,0,0,4173556719,0.25,25,0.9
372,:,1612282916.702,5.342,0,638,0,0,1953635580,1,1,0.95
374,:,1612282916.722,5.356,0,638,0,0,2390141961,0.125,1,0.9
370,:,1612282916.614,5.526,0,638,0,0,107577988,0.25,5,0.8
369,:,1612282916.486,5.743,0,638,0,0,4173556719,0.0625,25,0.95
376,:,1612282916.788,5.454,0,638,0,0,3543305936,0.125,5,0.9
377,:,1612282916.894,5.46,0,638,0,0,2034693659,0.5,5,0.9
378,:,1612282916.918,5.449,0,638,0,0,2390141961,0.5,5,0.8
371,:,1612282916.676,5.781,0,638,0,0,3390822559,0.5,25,0.8
373,:,1612282916.715,5.75,0,638,0,0,3602412539,0.0625,25,0.8
375,:,1612282916.744,5.753,0,638,0,0,991818103,0.0625,25,0.8
379,:,1612282917.297,5.476,0,638,0,0,384799037,2,5,0.9
380,:,1612282917.31,5.808,0,638,0,0,2289609983,0.0625,25,0.8
381,:,1612282917.73,5.782,0,638,0,0,3543305936,0.125,25,0.95
382,:,1612282918.393,5.36,0,638,0,0,4047805392,0.0625,5,0.95
383,:,1612282918.498,5.791,0,638,0,0,2182315642,1,25,0.9
384,:,1612282920.026,6.023,0,638,0,0,90715284,0.0625,25,0.8
385,:,1612282920.662,5.416,0,638,0,0,3543305936,0.5,5,0.8
386,:,1612282920.826,5.275,0,638,0,0,3602412539,0.5,1,0.95
387,:,1612282920.864,5.328,0,638,0,0,1111384852,0.25,1,0.95
389,:,1612282921,5.282,0,638,0,0,2390141961,1,1,0.9
388,:,1612282920.993,5.368,0,638,0,0,3390822559,0.5,1,0.9
390,:,1612282921.11,5.384,0,638,0,0,4173556719,1,5,0.95
391,:,1612282921.122,5.427,0,638,0,0,1111384852,0.5,5,0.95
392,:,1612282921.41,5.468,0,638,0,0,3543305936,1,5,0.9
393,:,1612282921.471,5.414,0,638,0,0,1111384852,0.125,1,0.8
395,:,1612282921.534,5.358,0,638,0,0,1953635580,2,1,0.95
394,:,1612282921.518,5.391,0,638,0,0,4017802264,2,5,0.8
397,:,1612282921.665,5.463,0,638,0,0,1111384852,1,5,0.9
399,:,1612282921.802,5.45,0,638,0,0,4017802264,0.125,5,0.9
396,:,1612282921.542,5.746,0,638,0,0,4173556719,2,25,0.95
398,:,1612282921.77,5.766,0,638,0,0,4047805392,0.5,25,0.8
401,:,1612282922.078,5.467,0,638,0,0,3602412539,2,5,0.95
402,:,1612282922.095,5.47,0,638,0,0,2390141961,0.125,5,0.8
404,:,1612282922.243,5.329,0,638,0,0,4047805392,2,1,0.95
403,:,1612282922.156,5.451,0,638,0,0,4017802264,0.5,5,0.95
405,:,1612282922.261,5.371,0,638,0,0,4173556719,0.5,1,0.8
408,:,1612282922.464,5.325,0,638,0,0,3543305936,2,1,0.8
406,:,1612282922.367,5.444,0,638,0,0,3602412539,0.25,5,0.95
400,:,1612282922.043,5.786,0,638,0,0,1501843923,0.125,25,0.95
407,:,1612282922.386,5.463,0,638,0,0,1111384852,0.25,5,0.8
409,:,1612282922.497,5.457,0,638,0,0,4047805392,0.25,5,0.9
410,:,1612282922.509,5.75,0,638,0,0,2289609983,0.125,25,0.95
411,:,1612282922.826,5.717,0,638,0,0,3602412539,2,25,0.9
412,:,1612282923.159,5.399,0,638,0,0,240309497,0.5,1,0.8
413,:,1612282923.519,5.33,0,638,0,0,1111384852,1,1,0.9
414,:,1612282923.762,5.371,0,638,0,0,991818103,0.125,1,0.95
415,:,1612282924.347,5.795,0,638,0,0,2390141961,0.125,25,0.8
417,:,1612282926.101,5.416,0,638,0,0,1501843923,0.0625,1,0.9
421,:,1612282926.382,5.315,0,638,0,0,2034693659,0.125,1,0.8
418,:,1612282926.121,5.655,0,638,0,0,1395720285,1,25,0.8
420,:,1612282926.292,5.503,0,638,0,0,1111384852,0.5,5,0.9
422,:,1612282926.506,5.386,0,638,0,0,1395720285,2,5,0.95
423,:,1612282926.561,5.342,0,638,0,0,90715284,0.0625,1,0.9
419,:,1612282926.214,5.759,0,638,0,0,3543305936,0.25,25,0.9
416,:,1612282926.066,6.088,0,638,0,0,3602412539,0.25,25,0.9
426,:,1612282926.909,5.277,0,638,0,0,3543305936,0.5,1,0.8
424,:,1612282926.886,5.416,0,638,0,0,1111384852,1,5,0.95
425,:,1612282926.893,5.43,0,638,0,0,90715284,0.125,1,0.8
427,:,1612282926.934,5.471,0,638,0,0,384799037,0.5,5,0.95
428,:,1612282927.141,5.474,0,638,0,0,2289609983,0.0625,5,0.9
430,:,1612282927.334,5.435,0,638,0,0,1111384852,0.0625,5,0.95
432,:,1612282927.566,5.348,0,638,0,0,991818103,2,1,0.9
431,:,1612282927.545,5.484,0,638,0,0,90715284,0.5,5,0.8
429,:,1612282927.274,5.765,0,638,0,0,2390141961,2,25,0.95
435,:,1612282927.631,5.417,0,638,0,0,3390822559,2,5,0.9
434,:,1612282927.607,5.463,0,638,0,0,4173556719,0.125,5,0.95
440,:,1612282927.86,5.311,0,638,0,0,2289609983,2,1,0.95
437,:,1612282927.812,5.381,0,638,0,0,90715284,0.5,1,0.9
433,:,1612282927.573,5.762,0,638,0,0,1501843923,0.5,25,0.9
438,:,1612282927.828,5.516,0,638,0,0,1953635580,0.0625,5,0.8
441,:,1612282927.97,5.384,0,638,0,0,1501843923,0.5,1,0.9
436,:,1612282927.682,5.725,0,638,0,0,1111384852,1,25,0.8
439,:,1612282927.85,5.782,0,638,0,0,4173556719,0.5,25,0.9
442,:,1612282928.273,5.382,0,638,0,0,1953635580,1,5,0.9
444,:,1612282928.565,5.371,0,638,0,0,733348321,0.0625,1,0.9
443,:,1612282928.557,5.447,0,638,0,0,3543305936,1,5,0.95
445,:,1612282928.857,5.348,0,638,0,0,3543305936,1,1,0.8
446,:,1612282929.17,5.902,0,638,0,0,1953635580,0.5,25,0.9
447,:,1612282930.174,5.463,0,638,0,0,3602412539,0.125,5,0.9
449,:,1612282931.73,5.384,0,638,0,0,240309497,0.0625,5,0.95
453,:,1612282931.93,5.34,0,638,0,0,1395720285,2,1,0.95
454,:,1612282931.988,5.31,0,638,0,0,240309497,0.25,1,0.8
452,:,1612282931.902,5.426,0,638,0,0,4017802264,0.25,5,0.95
448,:,1612282931.568,5.782,0,638,0,0,2034693659,0.25,25,0.8
450,:,1612282931.795,5.736,0,638,0,0,240309497,0.0625,25,0.95
451,:,1612282931.83,5.804,0,638,0,0,90715284,2,25,0.9
456,:,1612282932.226,5.49,0,638,0,0,4017802264,0.125,5,0.8
458,:,1612282932.332,5.392,0,638,0,0,1501843923,0.125,1,0.9
457,:,1612282932.322,5.424,0,638,0,0,2182315642,0.5,5,0.95
455,:,1612282932.185,5.693,0,638,0,0,240309497,2,5,0.95
459,:,1612282932.425,5.712,0,638,0,0,733348321,2,25,0.95
461,:,1612282932.79,5.423,0,638,0,0,1111384852,0.0625,1,0.9
466,:,1612282933.082,5.244,0,638,0,0,107577988,0.125,1,0.8
462,:,1612282932.966,5.395,0,638,0,0,991818103,0.25,1,0.9
463,:,1612282933.039,5.345,0,638,0,0,3602412539,0.0625,1,0.8
460,:,1612282932.623,5.774,0,638,0,0,90715284,0.0625,25,0.95
465,:,1612282933.071,5.463,0,638,0,0,733348321,1,5,0.8
464,:,1612282933.047,5.503,0,638,0,0,4173556719,0.0625,5,0.8
467,:,1612282933.194,5.42,0,638,0,0,733348321,0.125,1,0.8
468,:,1612282933.227,5.407,0,638,0,0,3390822559,1,1,0.9
470,:,1612282933.353,5.333,0,638,0,0,107577988,0.125,1,0.9
472,:,1612282933.42,5.368,0,638,0,0,4173556719,1,1,0.8
473,:,1612282933.656,5.378,0,638,0,0,4017802264,0.0625,1,0.95
469,:,1612282933.345,5.737,0,638,0,0,1953635580,0.25,25,0.8
471,:,1612282933.372,5.799,0,638,0,0,1395720285,2,25,0.8
475,:,1612282933.966,5.35,0,638,0,0,4173556719,1,1,0.95
474,:,1612282933.674,5.707,0,638,0,0,107577988,2,25,0.8
476,:,1612282934.015,5.498,0,638,0,0,384799037,0.5,5,0.9
477,:,1612282934.212,5.746,0,638,0,0,1395720285,0.125,25,0.9
478,:,1612282935.085,5.882,0,638,0,0,90715284,0.125,25,0.8
479,:,1612282935.643,5.437,0,638,0,0,2390141961,1,5,0.9
480,:,1612282937.121,5.316,0,638,0,0,2289609983,0.5,1,0.95
482,:,1612282937.327,5.241,0,638,0,0,1953635580,0.5,1,0.95
481,:,1612282937.278,5.391,0,638,0,0,1395720285,0.0625,1,0.8
484,:,1612282937.357,5.441,0,638,0,0,4173556719,0.25,5,0.95
485,:,1612282937.55,5.473,0,638,0,0,240309497,0.25,5,0.9
483,:,1612282937.351,5.759,0,638,0,0,2390141961,0.5,25,0.8
489,:,1612282937.77,5.418,0,638,0,0,1501843923,0.0625,5,0.95
486,:,1612282937.67,5.743,0,638,0,0,3543305936,0.5,25,0.9
487,:,1612282937.724,5.722,0,638,0,0,4047805392,2,25,0.8
488,:,1612282937.746,5.805,0,638,0,0,2034693659,0.125,25,0.9
492,:,1612282938.224,5.384,0,638,0,0,4017802264,1,1,0.8
490,:,1612282937.93,5.761,0,638,0,0,4173556719,1,5,0.8
495,:,1612282938.396,5.321,0,638,0,0,240309497,0.5,1,0.95
496,:,1612282938.408,5.398,0,638,0,0,384799037,0.5,1,0.8
494,:,1612282938.384,5.508,0,638,0,0,1111384852,0.125,5,0.8
491,:,1612282938.152,5.749,0,638,0,0,90715284,0.125,25,0.95
497,:,1612282938.55,5.37,0,638,0,0,3543305936,0.0625,1,0.95
498,:,1612282938.566,5.361,0,638,0,0,991818103,0.5,1,0.9
499,:,1612282938.634,5.383,0,638,0,0,107577988,0.0625,1,0.9
493,:,1612282938.362,5.74,0,638,0,0,107577988,1,25,0.95
501,:,1612282938.73,5.421,0,638,0,0,2034693659,1,5,0.9
500,:,1612282938.686,5.563,0,638,0,0,4047805392,0.125,5,0.9
502,:,1612282938.796,5.562,0,638,0,0,2034693659,1,5,0.8
503,:,1612282939.062,5.305,0,638,0,0,3543305936,0.25,1,0.9
505,:,1612282939.194,5.471,0,638,0,0,3390822559,0.5,5,0.8
506,:,1612282939.342,5.351,0,638,0,0,2182315642,2,1,0.9
504,:,1612282939.124,5.779,0,638,0,0,4173556719,0.0625,25,0.8
508,:,1612282939.569,5.486,0,638,0,0,2182315642,0.125,5,0.9
507,:,1612282939.438,5.736,0,638,0,0,2390141961,0.25,25,0.9
509,:,1612282940.012,5.778,0,638,0,0,2182315642,2,25,0.95
510,:,1612282940.991,5.414,0,638,0,0,90715284,2,1,0.95
511,:,1612282941.106,5.778,0,638,0,0,1953635580,2,25,0.8
512,:,1612282942.462,5.425,0,638,0,0,2034693659,2,5,0.8
513,:,1612282942.609,5.456,0,638,0,0,240309497,0.125,5,0.9
514,:,1612282942.689,5.406,0,638,0,0,733348321,0.125,1,0.9
515,:,1612282942.85,5.38,0,638,0,0,107577988,1,5,0.8
517,:,1612282943.126,5.296,0,638,0,0,2390141961,2,1,0.9
518,:,1612282943.214,5.335,0,638,0,0,2289609983,0.0625,1,0.95
519,:,1612282943.422,5.397,0,638,0,0,4017802264,0.125,1,0.95
516,:,1612282943.056,5.783,0,638,0,0,1501843923,0.25,25,0.8
520,:,1612282943.482,5.444,0,638,0,0,2289609983,0.125,5,0.8
521,:,1612282943.563,5.457,0,638,0,0,4173556719,0.125,5,0.8
522,:,1612282943.638,5.417,0,638,0,0,90715284,2,1,0.8
524,:,1612282943.725,5.379,0,638,0,0,2289609983,2,5,0.9
528,:,1612282943.927,5.401,0,638,0,0,3390822559,0.0625,1,0.8
527,:,1612282943.919,5.424,0,638,0,0,90715284,0.5,5,0.95
526,:,1612282943.901,5.476,0,638,0,0,3543305936,2,5,0.8
531,:,1612282944.15,5.382,0,638,0,0,2182315642,0.0625,1,0.8
532,:,1612282944.187,5.355,0,638,0,0,4017802264,0.5,1,0.8
525,:,1612282943.838,5.817,0,638,0,0,3390822559,0.25,25,0.8
529,:,1612282943.938,5.756,0,638,0,0,2182315642,0.125,25,0.8
530,:,1612282944.033,5.825,0,638,0,0,240309497,1,25,0.95
534,:,1612282944.366,5.575,0,638,0,0,1395720285,0.0625,5,0.95
523,:,1612282943.717,6.397,0,638,0,0,384799037,0.25,25,0.95
537,:,1612282944.714,5.509,0,638,0,0,1953635580,0.0625,1,0.8
533,:,1612282944.286,6.009,0,638,0,0,2034693659,0.5,25,0.9
535,:,1612282944.386,5.916,0,638,0,0,991818103,1,25,0.9
539,:,1612282945.094,5.324,0,638,0,0,4173556719,0.0625,1,0.8
538,:,1612282944.927,5.736,0,638,0,0,3543305936,2,25,0.8
536,:,1612282944.693,6.072,0,638,0,0,3602412539,0.125,25,0.95
540,:,1612282945.218,5.555,0,638,0,0,1501843923,2,5,0.8
541,:,1612282945.822,5.694,0,638,0,0,4047805392,0.5,25,0.95
542,:,1612282946.434,5.963,0,638,0,0,107577988,0.5,25,0.9
543,:,1612282946.902,5.819,0,638,0,0,2289609983,1,25,0.9
544,:,1612282947.908,5.507,0,638,0,0,2182315642,0.0625,5,0.9
545,:,1612282948.094,5.418,0,638,0,0,2390141961,0.0625,5,0.95
548,:,1612282948.482,5.359,0,638,0,0,3602412539,1,1,0.8
546,:,1612282948.162,5.845,0,638,0,0,2289609983,1,25,0.8
547,:,1612282948.296,5.813,0,638,0,0,3602412539,0.125,25,0.9
551,:,1612282948.865,5.367,0,638,0,0,107577988,0.0625,1,0.8
550,:,1612282948.84,5.415,0,638,0,0,4173556719,1,5,0.9
549,:,1612282948.556,5.767,0,638,0,0,4173556719,1,25,0.9
552,:,1612282948.957,5.444,0,638,0,0,4017802264,0.5,5,0.8
553,:,1612282949.054,5.354,0,638,0,0,3602412539,1,1,0.95
554,:,1612282949.104,5.427,0,638,0,0,3390822559,0.125,5,0.9
555,:,1612282949.186,5.483,0,638,0,0,3390822559,0.0625,5,0.95
556,:,1612282949.342,5.417,0,638,0,0,991818103,0.25,1,0.95
559,:,1612282949.541,5.29,0,638,0,0,3543305936,1,1,0.95
561,:,1612282949.694,5.469,0,638,0,0,90715284,1,5,0.8
557,:,1612282949.376,5.805,0,638,0,0,3543305936,0.125,25,0.8
558,:,1612282949.385,5.907,0,638,0,0,2182315642,1,25,0.8
560,:,1612282949.574,5.823,0,638,0,0,733348321,0.0625,25,0.8
564,:,1612282949.957,5.552,0,638,0,0,2034693659,0.25,5,0.95
562,:,1612282949.758,5.803,0,638,0,0,3390822559,0.25,25,0.9
567,:,1612282950.302,5.325,0,638,0,0,2034693659,0.5,1,0.95
563,:,1612282949.872,5.822,0,638,0,0,240309497,2,25,0.9
566,:,1612282950.246,5.51,0,638,0,0,1111384852,0.125,5,0.9
569,:,1612282950.427,5.468,0,638,0,0,4017802264,2,5,0.95
568,:,1612282950.334,5.764,0,638,0,0,2182315642,0.25,25,0.8
565,:,1612282950.154,6.019,0,638,0,0,240309497,0.125,5,0.8
572,:,1612282950.805,5.376,0,638,0,0,90715284,0.5,1,0.95
571,:,1612282950.773,5.552,0,638,0,0,2034693659,0.5,5,0.95
570,:,1612282950.682,5.822,0,638,0,0,90715284,0.5,25,0.95
573,:,1612282951.549,5.343,0,638,0,0,991818103,0.0625,1,0.95
575,:,1612282952.74,5.463,0,638,0,0,2034693659,0.0625,1,0.95
574,:,1612282952.442,6.06,0,638,0,0,1111384852,0.125,25,0.9
576,:,1612282953.44,5.428,0,638,0,0,107577988,0.25,5,0.95
577,:,1612282953.538,5.444,0,638,0,0,2182315642,0.5,1,0.9
581,:,1612282954.255,5.334,0,638,0,0,4173556719,0.5,1,0.9
578,:,1612282953.862,5.75,0,638,0,0,2289609983,2,25,0.8
584,:,1612282954.408,5.282,0,638,0,0,90715284,1,1,0.95
582,:,1612282954.279,5.47,0,638,0,0,3543305936,0.0625,1,0.8
583,:,1612282954.344,5.428,0,638,0,0,2034693659,0.0625,5,0.9
580,:,1612282954.117,5.722,0,638,0,0,2034693659,0.0625,25,0.8
585,:,1612282954.466,5.519,0,638,0,0,2390141961,2,5,0.95
579,:,1612282954.046,6.016,0,638,0,0,4173556719,0.125,25,0.9
586,:,1612282954.55,5.535,0,638,0,0,384799037,0.5,5,0.8
587,:,1612282954.687,5.409,0,638,0,0,1395720285,1,1,0.95
588,:,1612282954.777,5.338,0,638,0,0,1111384852,2,1,0.9
589,:,1612282954.866,5.343,0,638,0,0,4173556719,1,1,0.9
590,:,1612282955.182,5.353,0,638,0,0,107577988,0.5,1,0.8
591,:,1612282955.194,5.359,0,638,0,0,384799037,0.0625,1,0.8
592,:,1612282955.299,5.437,0,638,0,0,991818103,0.25,5,0.95
593,:,1612282955.423,5.486,0,638,0,0,107577988,1,5,0.95
595,:,1612282955.626,5.407,0,638,0,0,2034693659,1,1,0.95
597,:,1612282955.757,5.433,0,638,0,0,1953635580,2,5,0.95
598,:,1612282955.81,5.394,0,638,0,0,1395720285,0.125,1,0.9
594,:,1612282955.561,5.8,0,638,0,0,2390141961,0.25,25,0.95
596,:,1612282955.694,5.835,0,638,0,0,4047805392,0.125,25,0.8
600,:,1612282956.118,5.493,0,638,0,0,991818103,1,5,0.8
599,:,1612282955.907,5.802,0,638,0,0,1953635580,1,25,0.95
602,:,1612282956.191,5.773,0,638,0,0,1953635580,0.25,25,0.95
604,:,1612282956.582,5.389,0,638,0,0,1953635580,0.125,1,0.9
603,:,1612282956.402,5.855,0,638,0,0,2182315642,1,25,0.95
605,:,1612282956.901,5.516,0,638,0,0,2034693659,0.5,5,0.8
601,:,1612282956.182,6.456,0,638,0,0,3390822559,1,25,0.95
606,:,1612282958.243,5.412,0,638,0,0,1111384852,0.0625,1,0.8
607,:,1612282958.53,5.41,0,638,0,0,90715284,0.125,1,0.95
609,:,1612282959.01,5.416,0,638,0,0,4173556719,0.25,5,0.9
608,:,1612282958.886,5.796,0,638,0,0,2034693659,1,25,0.9
611,:,1612282959.623,5.319,0,638,0,0,1953635580,0.5,1,0.8
610,:,1612282959.612,5.398,0,638,0,0,3602412539,0.25,5,0.8
613,:,1612282959.773,5.315,0,638,0,0,3602412539,0.125,1,0.8
614,:,1612282959.778,5.32,0,638,0,0,384799037,1,1,0.95
612,:,1612282959.698,5.463,0,638,0,0,1953635580,0.25,5,0.9
615,:,1612282959.846,5.324,0,638,0,0,1953635580,0.25,1,0.8
619,:,1612282960.114,5.287,0,638,0,0,3390822559,0.125,1,0.95
617,:,1612282960.085,5.349,0,638,0,0,3390822559,0.0625,1,0.9
616,:,1612282959.999,5.814,0,638,0,0,4017802264,0.0625,25,0.95
618,:,1612282960.096,5.739,0,638,0,0,3543305936,0.25,25,0.95
620,:,1612282960.146,5.786,0,638,0,0,2289609983,0.5,25,0.9
622,:,1612282960.554,5.386,0,638,0,0,107577988,2,1,0.8
621,:,1612282960.266,5.743,0,638,0,0,4017802264,0.0625,25,0.8
623,:,1612282960.602,5.711,0,638,0,0,2182315642,0.0625,25,0.8
624,:,1612282960.786,5.815,0,638,0,0,1395720285,0.5,25,0.95
625,:,1612282960.958,5.742,0,638,0,0,2289609983,1,25,0.95
627,:,1612282961.203,5.504,0,638,0,0,1953635580,0.5,5,0.9
629,:,1612282961.394,5.49,0,638,0,0,1111384852,0.0625,5,0.8
626,:,1612282961.094,5.86,0,638,0,0,4017802264,0.125,25,0.9
628,:,1612282961.226,5.845,0,638,0,0,991818103,0.0625,25,0.95
632,:,1612282961.726,5.351,0,638,0,0,90715284,0.25,1,0.9
630,:,1612282961.558,5.835,0,638,0,0,384799037,0.0625,25,0.95
631,:,1612282961.62,5.795,0,638,0,0,3602412539,0.0625,25,0.95
633,:,1612282961.972,5.493,0,638,0,0,2034693659,0.25,5,0.9
634,:,1612282961.997,5.72,0,638,0,0,3390822559,0.125,25,0.8
635,:,1612282962.263,5.861,0,638,0,0,991818103,2,25,0.95
636,:,1612282962.446,5.771,0,638,0,0,4173556719,0.0625,25,0.9
637,:,1612282962.673,6.059,0,638,0,0,2289609983,0.0625,1,0.9
638,:,1612282963.67,5.585,0,638,0,0,991818103,0.25,5,0.8
640,:,1612282964.457,5.4,0,638,0,0,3390822559,0.25,5,0.8
639,:,1612282963.946,5.93,0,638,0,0,4047805392,0.25,25,0.95
643,:,1612282965.034,5.308,0,638,0,0,4047805392,1,1,0.9
641,:,1612282964.722,5.83,0,638,0,0,1111384852,1,25,0.9
646,:,1612282965.17,5.395,0,638,0,0,2390141961,0.5,1,0.8
647,:,1612282965.186,5.473,0,638,0,0,733348321,2,5,0.95
642,:,1612282964.958,5.962,0,638,0,0,2034693659,0.5,25,0.95
644,:,1612282965.098,5.828,0,638,0,0,3390822559,1,25,0.8
645,:,1612282965.111,5.85,0,638,0,0,733348321,0.25,25,0.9
649,:,1612282965.451,5.539,0,638,0,0,1953635580,2,5,0.9
651,:,1612282965.866,5.321,0,638,0,0,1953635580,2,1,0.8
648,:,1612282965.417,5.777,0,638,0,0,3602412539,1,25,0.8
650,:,1612282965.834,5.49,0,638,0,0,1111384852,0.5,5,0.8
654,:,1612282966.026,5.398,0,638,0,0,107577988,0.25,1,0.95
653,:,1612282965.95,5.486,0,638,0,0,1953635580,0.125,5,0.95
652,:,1612282965.939,5.547,0,638,0,0,2289609983,0.25,5,0.8
655,:,1612282966.32,5.785,0,638,0,0,3543305936,0.0625,25,0.95
656,:,1612282966.666,5.532,0,638,0,0,991818103,2,5,0.8
658,:,1612282966.736,5.497,0,638,0,0,1953635580,0.0625,5,0.95
657,:,1612282966.707,5.762,0,638,0,0,991818103,2,25,0.9
659,:,1612282966.954,5.523,0,638,0,0,3602412539,0.5,5,0.8
662,:,1612282967.106,5.393,0,638,0,0,991818103,0.0625,1,0.8
660,:,1612282967.042,5.5,0,638,0,0,733348321,0.125,5,0.95
663,:,1612282967.414,5.417,0,638,0,0,2390141961,0.25,5,0.95
665,:,1612282967.472,5.39,0,638,0,0,107577988,0.25,1,0.9
661,:,1612282967.077,5.797,0,638,0,0,1501843923,0.0625,25,0.9
666,:,1612282967.725,5.373,0,638,0,0,1111384852,0.5,1,0.9
664,:,1612282967.442,5.833,0,638,0,0,4017802264,1,25,0.9
668,:,1612282968.225,5.351,0,638,0,0,1953635580,0.25,1,0.95
667,:,1612282968.146,5.539,0,638,0,0,733348321,0.0625,5,0.8
670,:,1612282969.262,5.449,0,638,0,0,240309497,1,5,0.8
669,:,1612282968.764,6.052,0,638,0,0,991818103,1,25,0.95
671,:,1612282969.876,5.279,0,638,0,0,4017802264,0.125,1,0.8
672,:,1612282969.901,5.522,0,638,0,0,733348321,0.0625,5,0.95
673,:,1612282970.362,5.275,0,638,0,0,2289609983,0.0625,1,0.8
674,:,1612282970.566,5.516,0,638,0,0,4173556719,0.5,5,0.8
676,:,1612282970.687,5.506,0,638,0,0,1111384852,0.125,5,0.95
677,:,1612282970.926,5.363,0,638,0,0,2390141961,0.25,1,0.95
675,:,1612282970.58,5.746,0,638,0,0,1111384852,0.25,25,0.8
678,:,1612282970.961,5.371,0,638,0,0,1953635580,0.0625,1,0.95
679,:,1612282970.99,5.474,0,638,0,0,2182315642,1,5,0.8
681,:,1612282971.194,5.362,0,638,0,0,240309497,1,1,0.95
682,:,1612282971.201,5.418,0,638,0,0,1395720285,0.125,5,0.8
683,:,1612282971.334,5.431,0,638,0,0,3390822559,2,5,0.8
685,:,1612282971.443,5.351,0,638,0,0,733348321,0.5,1,0.8
680,:,1612282971.05,5.821,0,638,0,0,1953635580,0.0625,25,0.8
684,:,1612282971.437,5.44,0,638,0,0,2289609983,0.5,5,0.9
686,:,1612282971.514,5.739,0,638,0,0,3543305936,0.0625,25,0.8
687,:,1612282972.127,5.402,0,638,0,0,2390141961,0.125,1,0.95
690,:,1612282972.478,5.319,0,638,0,0,733348321,0.25,1,0.9
691,:,1612282972.498,5.308,0,638,0,0,1395720285,2,1,0.8
688,:,1612282972.233,5.753,0,638,0,0,2034693659,0.5,25,0.8
689,:,1612282972.282,5.816,0,638,0,0,384799037,0.25,25,0.8
694,:,1612282972.862,5.355,0,638,0,0,1501843923,1,1,0.95
692,:,1612282972.542,5.812,0,638,0,0,1501843923,2,25,0.95
693,:,1612282972.56,5.808,0,638,0,0,991818103,0.5,25,0.9
695,:,1612282972.873,5.503,0,638,0,0,90715284,0.125,5,0.9
696,:,1612282972.894,5.513,0,638,0,0,2289609983,0.25,5,0.95
697,:,1612282973.113,5.376,0,638,0,0,107577988,2,5,0.95
698,:,1612282973.309,5.332,0,638,0,0,107577988,1,1,0.8
699,:,1612282973.61,5.467,0,638,0,0,1501843923,0.5,5,0.9
700,:,1612282973.722,5.362,0,638,0,0,90715284,1,1,0.8
702,:,1612282974.827,5.532,0,638,0,0,3543305936,0.25,1,0.8
703,:,1612282975.172,5.276,0,638,0,0,1501843923,2,1,0.9
701,:,1612282974.756,5.805,0,638,0,0,240309497,0.125,25,0.9
704,:,1612282975.454,5.943,0,638,0,0,1953635580,0.0625,25,0.9
705,:,1612282975.683,5.723,0,638,0,0,2034693659,0.125,25,0.95
707,:,1612282976.214,5.298,0,638,0,0,2182315642,0.125,1,0.9
708,:,1612282976.301,5.472,0,638,0,0,4047805392,1,5,0.8
711,:,1612282976.474,5.394,0,638,0,0,2390141961,0.0625,1,0.9
706,:,1612282976.126,5.821,0,638,0,0,107577988,0.0625,25,0.8
712,:,1612282976.59,5.375,0,638,0,0,2182315642,0.125,1,0.95
713,:,1612282976.633,5.36,0,638,0,0,4173556719,0.0625,1,0.95
715,:,1612282976.803,5.321,0,638,0,0,733348321,2,1,0.9
709,:,1612282976.333,5.804,0,638,0,0,90715284,1,25,0.9
710,:,1612282976.365,5.845,0,638,0,0,4047805392,0.0625,25,0.9
714,:,1612282976.794,5.436,0,638,0,0,2289609983,0.5,5,0.95
717,:,1612282976.894,5.447,0,638,0,0,2034693659,1,5,0.95
716,:,1612282976.877,5.832,0,638,0,0,1953635580,1,25,0.8
719,:,1612282977.554,5.356,0,638,0,0,2182315642,0.25,1,0.8
718,:,1612282977.283,5.806,0,638,0,0,1395720285,0.125,25,0.8
720,:,1612282977.805,5.381,0,638,0,0,4017802264,0.5,1,0.95
723,:,1612282978.128,5.342,0,638,0,0,2034693659,0.0625,1,0.9
721,:,1612282977.845,5.878,0,638,0,0,1111384852,0.5,25,0.9
726,:,1612282978.375,5.364,0,638,0,0,4017802264,2,1,0.9
725,:,1612282978.368,5.431,0,638,0,0,4047805392,2,5,0.95
727,:,1612282978.406,5.401,0,638,0,0,1953635580,0.0625,1,0.9
728,:,1612282978.418,5.424,0,638,0,0,733348321,0.5,1,0.9
722,:,1612282978.019,5.878,0,638,0,0,733348321,0.125,25,0.8
729,:,1612282978.503,5.435,0,638,0,0,240309497,2,5,0.9
724,:,1612282978.254,5.911,0,638,0,0,1953635580,0.25,25,0.9
730,:,1612282978.674,5.795,0,638,0,0,107577988,0.25,25,0.9
731,:,1612282979.083,5.782,0,638,0,0,1501843923,0.125,25,0.9
732,:,1612282979.115,5.779,0,638,0,0,384799037,0.5,25,0.8
734,:,1612282980.462,5.351,0,638,0,0,1395720285,1,1,0.8
735,:,1612282980.622,5.434,0,638,0,0,2034693659,0.25,1,0.95
733,:,1612282980.37,5.801,0,638,0,0,90715284,0.25,1,0.95
737,:,1612282981.466,5.764,0,638,0,0,4047805392,1,25,0.95
739,:,1612282981.806,5.43,0,638,0,0,733348321,2,5,0.9
738,:,1612282981.537,5.825,0,638,0,0,4173556719,0.125,25,0.95
736,:,1612282981.406,6.046,0,638,0,0,3390822559,0.0625,25,0.9
745,:,1612282982.154,5.313,0,638,0,0,3390822559,1,1,0.8
743,:,1612282982.014,5.467,0,638,0,0,3543305936,0.125,5,0.95
742,:,1612282981.993,5.496,0,638,0,0,240309497,1,5,0.9
746,:,1612282982.23,5.379,0,638,0,0,4047805392,0.5,1,0.8
740,:,1612282981.898,5.743,0,638,0,0,2390141961,1,25,0.9
741,:,1612282981.964,5.803,0,638,0,0,733348321,0.0625,25,0.9
748,:,1612282982.364,5.47,0,638,0,0,4017802264,1,5,0.95
744,:,1612282982.137,5.711,0,638,0,0,2182315642,0.5,25,0.95
747,:,1612282982.262,5.734,0,638,0,0,90715284,2,25,0.95
749,:,1612282982.729,5.517,0,638,0,0,1395720285,1,5,0.8
751,:,1612282983.11,5.462,0,638,0,0,2034693659,0.0625,5,0.8
752,:,1612282983.201,5.449,0,638,0,0,3390822559,0.0625,5,0.8
750,:,1612282982.946,5.788,0,638,0,0,733348321,0.5,25,0.95
753,:,1612282983.499,5.427,0,638,0,0,2390141961,0.25,1,0.9
757,:,1612282983.842,5.358,0,638,0,0,240309497,0.25,1,0.9
758,:,1612282983.856,5.427,0,638,0,0,3602412539,0.125,5,0.95
760,:,1612282983.97,5.353,0,638,0,0,2390141961,0.0625,1,0.95
755,:,1612282983.778,5.564,0,638,0,0,3602412539,0.0625,5,0.9
759,:,1612282983.939,5.432,0,638,0,0,2034693659,0.25,5,0.8
754,:,1612282983.739,5.738,0,638,0,0,2390141961,0.25,25,0.8
756,:,1612282983.806,5.851,0,638,0,0,384799037,0.125,25,0.9
761,:,1612282984.202,5.577,0,638,0,0,2390141961,0.5,5,0.95
762,:,1612282984.481,5.437,0,638,0,0,733348321,1,5,0.95
763,:,1612282984.894,5.453,0,638,0,0,384799037,1,5,0.95
764,:,1612282984.942,5.876,0,638,0,0,1395720285,0.25,25,0.95
765,:,1612282985.83,5.288,0,638,0,0,2182315642,2,1,0.95
766,:,1612282986.086,5.391,0,638,0,0,4047805392,0.125,5,0.95
767,:,1612282986.194,6.181,0,638,0,0,2034693659,0.25,25,0.9
768,:,1612282987.237,5.289,0,638,0,0,1501843923,1,1,0.9
770,:,1612282987.402,5.238,0,638,0,0,4047805392,0.0625,1,0.9
774,:,1612282987.513,5.381,0,638,0,0,90715284,0.5,1,0.8
769,:,1612282987.247,5.742,0,638,0,0,3543305936,2,25,0.9
775,:,1612282987.641,5.362,0,638,0,0,107577988,2,5,0.9
776,:,1612282987.647,5.371,0,638,0,0,2289609983,0.125,5,0.95
771,:,1612282987.468,5.618,0,638,0,0,3390822559,0.0625,1,0.95
772,:,1612282987.481,5.732,0,638,0,0,2182315642,0.25,25,0.95
778,:,1612282987.849,5.384,0,638,0,0,4017802264,2,1,0.8
773,:,1612282987.489,5.792,0,638,0,0,1395720285,0.125,25,0.95
777,:,1612282987.776,5.512,0,638,0,0,107577988,0.5,5,0.8
779,:,1612282987.882,5.487,0,638,0,0,107577988,0.5,1,0.95
781,:,1612282988.287,5.486,0,638,0,0,384799037,0.125,5,0.95
780,:,1612282988.01,5.844,0,638,0,0,3390822559,0.25,25,0.95
782,:,1612282988.594,5.347,0,638,0,0,1953635580,1,5,0.95
784,:,1612282988.775,5.347,0,638,0,0,991818103,1,1,0.95
783,:,1612282988.667,5.507,0,638,0,0,4173556719,2,5,0.9
785,:,1612282989.01,5.46,0,638,0,0,2289609983,1,1,0.9
786,:,1612282989.225,5.453,0,638,0,0,1501843923,0.0625,5,0.8
789,:,1612282989.37,5.323,0,638,0,0,1111384852,1,1,0.95
787,:,1612282989.324,5.503,0,638,0,0,1953635580,0.5,5,0.8
788,:,1612282989.342,5.519,0,638,0,0,384799037,1,5,0.8
791,:,1612282989.502,5.432,0,638,0,0,733348321,0.25,5,0.9
790,:,1612282989.41,5.79,0,638,0,0,3390822559,0.5,25,0.95
793,:,1612282989.814,5.84,0,638,0,0,107577988,0.0625,25,0.95
792,:,1612282989.73,5.95,0,638,0,0,107577988,2,25,0.9
794,:,1612282989.946,5.885,0,638,0,0,4173556719,0.5,25,0.8
795,:,1612282990.358,5.486,0,638,0,0,1395720285,1,5,0.95
796,:,1612282990.868,5.503,0,638,0,0,3390822559,0.25,5,0.9
797,:,1612282991.129,5.815,0,638,0,0,240309497,0.5,25,0.8
798,:,1612282991.53,5.92,0,638,0,0,1395720285,0.0625,25,0.8
801,:,1612282992.647,5.346,0,638,0,0,384799037,0.0625,1,0.9
800,:,1612282992.57,5.74,0,638,0,0,3602412539,0.25,25,0.8
803,:,1612282993.004,5.483,0,638,0,0,4047805392,0.5,5,0.8
807,:,1612282993.233,5.353,0,638,0,0,1501843923,0.125,1,0.8
808,:,1612282993.242,5.352,0,638,0,0,4047805392,0.25,1,0.95
809,:,1612282993.288,5.334,0,638,0,0,240309497,2,1,0.9
804,:,1612282993.019,5.723,0,638,0,0,2390141961,0.0625,25,0.9
802,:,1612282992.93,5.819,0,638,0,0,3390822559,0.125,25,0.9
805,:,1612282993.028,5.729,0,638,0,0,1953635580,0.125,25,0.9
810,:,1612282993.322,5.447,0,638,0,0,107577988,0.125,5,0.9
799,:,1612282992.4,6.405,0,638,0,0,991818103,0.125,25,0.95
811,:,1612282993.412,5.809,0,638,0,0,2289609983,2,25,0.9
806,:,1612282993.106,6.144,0,638,0,0,2390141961,0.5,25,0.95
814,:,1612282993.971,5.299,0,638,0,0,4017802264,1,1,0.9
812,:,1612282993.78,5.559,0,638,0,0,2034693659,0.125,5,0.9
813,:,1612282993.875,5.566,0,638,0,0,2034693659,0.125,5,0.95
815,:,1612282994.174,5.365,0,638,0,0,2390141961,2,1,0.8
816,:,1612282994.188,5.536,0,638,0,0,2182315642,2,5,0.8
817,:,1612282994.554,5.388,0,638,0,0,2182315642,0.5,1,0.8
818,:,1612282994.692,5.381,0,638,0,0,240309497,0.5,1,0.9
819,:,1612282994.71,5.46,0,638,0,0,2289609983,0.0625,5,0.8
820,:,1612282994.862,5.434,0,638,0,0,2034693659,2,5,0.95
821,:,1612282994.934,5.543,0,638,0,0,991818103,2,5,0.9
822,:,1612282994.994,5.788,0,638,0,0,90715284,0.25,25,0.8
823,:,1612282995.25,5.687,0,638,0,0,4047805392,1,5,0.95
824,:,1612282995.679,5.512,0,638,0,0,90715284,0.5,5,0.9
825,:,1612282995.707,5.5,0,638,0,0,2034693659,0.0625,5,0.95
826,:,1612282995.844,5.485,0,638,0,0,2289609983,0.125,5,0.9
827,:,1612282995.868,5.468,0,638,0,0,3602412539,0.0625,5,0.95
828,:,1612282996.388,5.634,0,638,0,0,384799037,0.25,5,0.9
829,:,1612282997.01,5.421,0,638,0,0,1395720285,0.0625,1,0.9
830,:,1612282997.481,5.341,0,638,0,0,2182315642,2,1,0.8
831,:,1612282998.038,5.751,0,638,0,0,384799037,0.5,25,0.95
832,:,1612282998.35,5.453,0,638,0,0,1395720285,0.5,5,0.8
834,:,1612282998.595,5.335,0,638,0,0,3390822559,0.5,1,0.8
835,:,1612282998.622,5.421,0,638,0,0,1395720285,0.5,5,0.95
837,:,1612282998.749,5.407,0,638,0,0,2289609983,0.125,1,0.95
839,:,1612282998.77,5.417,0,638,0,0,4047805392,0.0625,1,0.95
833,:,1612282998.523,5.943,0,638,0,0,1111384852,0.125,25,0.95
836,:,1612282998.657,5.863,0,638,0,0,1501843923,1,25,0.9
838,:,1612282998.757,5.773,0,638,0,0,1501843923,0.5,25,0.8
840,:,1612282998.806,5.79,0,638,0,0,1111384852,2,25,0.8
844,:,1612282999.28,5.397,0,638,0,0,240309497,2,1,0.95
842,:,1612282999.25,5.505,0,638,0,0,1501843923,0.25,5,0.95
843,:,1612282999.271,5.69,0,638,0,0,1953635580,0.25,5,0.95
847,:,1612282999.573,5.478,0,638,0,0,3543305936,0.125,5,0.8
845,:,1612282999.354,5.817,0,638,0,0,733348321,0.125,25,0.95
841,:,1612282998.834,6.372,0,638,0,0,4173556719,0.125,25,0.8
846,:,1612282999.47,5.95,0,638,0,0,1953635580,1,25,0.9
849,:,1612282999.987,5.451,0,638,0,0,4047805392,1,1,0.95
848,:,1612282999.76,5.805,0,638,0,0,733348321,1,25,0.95
851,:,1612283000.202,5.549,0,638,0,0,1501843923,0.25,5,0.9
850,:,1612283000.11,5.797,0,638,0,0,2289609983,0.0625,25,0.95
853,:,1612283000.534,5.381,0,638,0,0,384799037,0.0625,1,0.95
852,:,1612283000.31,5.804,0,638,0,0,1501843923,0.0625,25,0.95
855,:,1612283000.95,5.559,0,638,0,0,991818103,0.0625,5,0.8
856,:,1612283001.207,5.398,0,638,0,0,4047805392,1,1,0.8
858,:,1612283001.336,5.365,0,638,0,0,2289609983,0.5,1,0.8
854,:,1612283000.82,5.909,0,638,0,0,3543305936,1,25,0.9
859,:,1612283001.354,5.722,0,638,0,0,1395720285,2,25,0.95
857,:,1612283001.216,5.87,0,638,0,0,991818103,0.25,25,0.8
860,:,1612283002.051,5.891,0,638,0,0,4017802264,0.0625,25,0.9
861,:,1612283002.45,5.776,0,638,0,0,2390141961,0.125,25,0.9
862,:,1612283002.85,5.517,0,638,0,0,384799037,0.125,5,0.9
863,:,1612283003.802,5.71,0,638,0,0,4047805392,2,25,0.9
864,:,1612283003.827,5.764,0,638,0,0,3602412539,0.125,25,0.8
867,:,1612283004.186,5.414,0,638,0,0,3602412539,0.0625,5,0.8
868,:,1612283004.226,5.408,0,638,0,0,107577988,0.125,5,0.8
865,:,1612283003.966,5.768,0,638,0,0,90715284,0.5,25,0.9
866,:,1612283004.058,5.763,0,638,0,0,991818103,1,25,0.8
870,:,1612283004.529,5.408,0,638,0,0,3390822559,0.25,1,0.9
871,:,1612283004.563,5.506,0,638,0,0,4047805392,2,5,0.9
873,:,1612283004.686,5.413,0,638,0,0,3543305936,0.5,1,0.9
874,:,1612283004.808,5.322,0,638,0,0,4173556719,0.125,1,0.9
869,:,1612283004.482,5.758,0,638,0,0,991818103,0.5,25,0.8
872,:,1612283004.603,5.735,0,638,0,0,1111384852,0.25,25,0.9
876,:,1612283005.074,5.36,0,638,0,0,384799037,1,1,0.8
878,:,1612283005.219,5.556,0,638,0,0,2034693659,0.5,1,0.8
875,:,1612283005.001,5.935,0,638,0,0,3602412539,0.25,25,0.95
879,:,1612283005.439,5.525,0,638,0,0,4173556719,0.125,5,0.9
877,:,1612283005.206,5.779,0,638,0,0,4173556719,0.5,25,0.95
880,:,1612283005.446,5.847,0,638,0,0,1953635580,0.125,25,0.8
882,:,1612283005.772,5.529,0,638,0,0,2182315642,2,5,0.95
884,:,1612283005.942,5.391,0,638,0,0,240309497,0.25,1,0.95
883,:,1612283005.915,5.43,0,638,0,0,3543305936,2,5,0.95
881,:,1612283005.63,5.831,0,638,0,0,4017802264,0.25,25,0.95
885,:,1612283006.138,5.874,0,638,0,0,3602412539,1,25,0.9
887,:,1612283006.623,5.412,0,638,0,0,3390822559,0.25,5,0.95
888,:,1612283006.728,5.33,0,638,0,0,2289609983,0.5,1,0.9
889,:,1612283006.746,5.503,0,638,0,0,2182315642,0.25,5,0.95
886,:,1612283006.517,5.842,0,638,0,0,2034693659,0.25,25,0.95
890,:,1612283007.086,5.411,0,638,0,0,107577988,0.125,5,0.95
891,:,1612283007.142,5.463,0,638,0,0,240309497,0.125,5,0.95
892,:,1612283007.97,5.359,0,638,0,0,991818103,2,1,0.95
893,:,1612283008.254,5.38,0,638,0,0,991818103,0.125,5,0.9
894,:,1612283008.373,5.412,0,638,0,0,4047805392,0.5,1,0.9
895,:,1612283009.522,5.395,0,638,0,0,1111384852,2,5,0.95
896,:,1612283009.6,5.326,0,638,0,0,3602412539,0.125,1,0.95
897,:,1612283009.609,5.342,0,638,0,0,733348321,2,1,0.95
898,:,1612283009.641,5.401,0,638,0,0,3543305936,0.25,5,0.95
899,:,1612283009.769,5.493,0,638,0,0,4047805392,2,5,0.8
900,:,1612283009.829,5.444,0,638,0,0,240309497,1,5,0.95
903,:,1612283010.13,5.285,0,638,0,0,240309497,0.125,1,0.95
906,:,1612283010.37,5.304,0,638,0,0,3543305936,0.125,1,0.95
901,:,1612283009.998,5.736,0,638,0,0,4017802264,0.5,25,0.95
905,:,1612283010.278,5.47,0,638,0,0,2289609983,1,5,0.95
902,:,1612283010.1,5.782,0,638,0,0,4173556719,2,25,0.8
904,:,1612283010.162,5.763,0,638,0,0,1501843923,0.25,25,0.95
907,:,1612283010.458,5.759,0,638,0,0,384799037,0.125,25,0.95
911,:,1612283010.992,5.305,0,638,0,0,90715284,0.0625,1,0.95
909,:,1612283010.964,5.493,0,638,0,0,1395720285,0.125,5,0.9
910,:,1612283010.986,5.478,0,638,0,0,107577988,2,5,0.8
912,:,1612283011.301,5.43,0,638,0,0,4017802264,0.0625,5,0.95
914,:,1612283011.346,5.452,0,638,0,0,3390822559,0.5,5,0.95
908,:,1612283010.834,6.037,0,638,0,0,4017802264,1,25,0.8
915,:,1612283011.394,5.486,0,638,0,0,1111384852,0.25,5,0.95
916,:,1612283011.516,5.463,0,638,0,0,2289609983,1,5,0.9
913,:,1612283011.332,5.734,0,638,0,0,733348321,0.0625,25,0.95
917,:,1612283012.034,5.48,0,638,0,0,107577988,0.5,5,0.9
918,:,1612283012.057,5.729,0,638,0,0,4173556719,2,25,0.9
921,:,1612283012.406,5.429,0,638,0,0,3602412539,2,5,0.9
919,:,1612283012.094,5.761,0,638,0,0,2289609983,0.25,25,0.9
920,:,1612283012.266,5.782,0,638,0,0,2289609983,0.5,25,0.8
923,:,1612283012.65,5.405,0,638,0,0,3602412539,0.25,1,0.95
922,:,1612283012.534,5.736,0,638,0,0,107577988,0.5,25,0.95
925,:,1612283013.666,5.332,0,638,0,0,3543305936,2,1,0.95
924,:,1612283013.344,5.805,0,638,0,0,2289609983,0.0625,25,0.9
926,:,1612283013.83,5.368,0,638,0,0,2182315642,0.25,1,0.9
928,:,1612283014.95,5.412,0,638,0,0,2182315642,0.0625,5,0.8
930,:,1612283015.054,5.453,0,638,0,0,2289609983,0.5,5,0.8
927,:,1612283014.926,5.698,0,638,0,0,733348321,0.5,25,0.8
929,:,1612283014.977,5.759,0,638,0,0,2034693659,0.125,25,0.8
931,:,1612283015.274,5.472,0,638,0,0,3390822559,0.0625,5,0.9
933,:,1612283015.435,5.32,0,638,0,0,733348321,1,1,0.95
932,:,1612283015.298,5.755,0,638,0,0,1501843923,0.0625,25,0.8
934,:,1612283015.694,5.381,0,638,0,0,1953635580,1,5,0.8
935,:,1612283015.748,5.404,0,638,0,0,2390141961,0.25,1,0.8
936,:,1612283015.755,5.51,0,638,0,0,90715284,0.0625,5,0.95
937,:,1612283015.914,5.447,0,638,0,0,991818103,2,5,0.95
939,:,1612283016.224,5.322,0,638,0,0,4017802264,1,1,0.95
938,:,1612283015.932,5.754,0,638,0,0,733348321,0.25,25,0.95
942,:,1612283016.494,5.355,0,638,0,0,1395720285,0.5,1,0.9
940,:,1612283016.366,5.758,0,638,0,0,1501843923,0.5,25,0.95
943,:,1612283016.75,5.395,0,638,0,0,1501843923,1,5,0.9
941,:,1612283016.465,5.69,0,638,0,0,2390141961,0.125,25,0.95
944,:,1612283016.814,5.481,0,638,0,0,3543305936,1,5,0.8
946,:,1612283016.895,5.45,0,638,0,0,3602412539,0.5,5,0.9
945,:,1612283016.879,5.575,0,638,0,0,2182315642,1,1,0.8
947,:,1612283017.011,5.465,0,638,0,0,3543305936,0.0625,5,0.9
948,:,1612283017.079,5.411,0,638,0,0,1501843923,0.5,1,0.95
952,:,1612283017.922,5.348,0,638,0,0,733348321,0.0625,1,0.95
949,:,1612283017.549,5.763,0,638,0,0,384799037,1,25,0.95
954,:,1612283018.078,5.368,0,638,0,0,3390822559,0.25,1,0.8
951,:,1612283017.856,5.759,0,638,0,0,4173556719,0.25,25,0.95
950,:,1612283017.834,5.808,0,638,0,0,240309497,0.25,25,0.8
953,:,1612283018.056,5.766,0,638,0,0,4047805392,0.25,25,0.8
955,:,1612283018.294,5.814,0,638,0,0,3602412539,0.5,25,0.8
956,:,1612283019.02,5.362,0,638,0,0,4173556719,2,5,0.95
957,:,1612283019.198,5.347,0,638,0,0,3602412539,2,1,0.95
958,:,1612283019.258,5.84,0,638,0,0,2182315642,0.25,25,0.9
959,:,1612283020.419,5.393,0,638,0,0,991818103,1,5,0.95
963,:,1612283020.755,5.342,0,638,0,0,384799037,2,1,0.95
962,:,1612283020.745,5.448,0,638,0,0,3390822559,2,5,0.95
960,:,1612283020.542,5.738,0,638,0,0,4173556719,1,25,0.8
961,:,1612283020.682,5.825,0,638,0,0,991818103,0.125,25,0.9
967,:,1612283021.198,5.324,0,638,0,0,3543305936,2,1,0.9
964,:,1612283020.778,5.871,0,638,0,0,1395720285,0.5,25,0.8
968,:,1612283021.278,5.412,0,638,0,0,2390141961,0.5,1,0.95
965,:,1612283021.075,5.622,0,638,0,0,90715284,1,1,0.9
966,:,1612283021.09,5.79,0,638,0,0,1501843923,1,25,0.8
970,:,1612283021.564,5.382,0,638,0,0,991818103,0.0625,1,0.9
969,:,1612283021.374,5.803,0,638,0,0,1953635580,0.125,25,0.95
971,:,1612283021.714,5.496,0,638,0,0,384799037,1,5,0.9
974,:,1612283022.156,5.365,0,638,0,0,2034693659,0.125,1,0.9
976,:,1612283022.314,5.354,0,638,0,0,3602412539,2,1,0.9
972,:,1612283021.858,5.94,0,638,0,0,4017802264,0.25,25,0.9
977,:,1612283022.374,5.431,0,638,0,0,1953635580,0.5,1,0.9
975,:,1612283022.162,5.677,0,638,0,0,4173556719,0.0625,5,0.95
979,:,1612283022.489,5.401,0,638,0,0,1953635580,0.125,1,0.95
973,:,1612283022.146,5.864,0,638,0,0,2390141961,0.5,25,0.9
980,:,1612283022.526,5.491,0,638,0,0,1395720285,0.25,5,0.8
981,:,1612283023.313,5.44,0,638,0,0,1395720285,0.125,5,0.95
982,:,1612283023.358,5.407,0,638,0,0,733348321,0.125,1,0.95
983,:,1612283023.512,5.477,0,638,0,0,1501843923,2,5,0.9
984,:,1612283023.642,5.355,0,638,0,0,1953635580,1,1,0.9
985,:,1612283023.678,5.463,0,638,0,0,90715284,0.25,5,0.8
978,:,1612283022.476,6.865,0,638,0,0,1395720285,2,25,0.9
986,:,1612283023.882,5.539,0,638,0,0,1953635580,0.125,1,0.8
987,:,1612283024.131,5.546,0,638,0,0,4173556719,0.0625,5,0.9
988,:,1612283024.396,5.348,0,638,0,0,1501843923,0.5,1,0.8
989,:,1612283024.591,5.718,0,638,0,0,4017802264,1,5,0.8
990,:,1612283025.126,5.618,0,638,0,0,991818103,0.125,5,0.8
991,:,1612283025.818,5.595,0,638,0,0,2182315642,1,5,0.95
993,:,1612283026.207,5.372,0,638,0,0,107577988,2,1,0.95
994,:,1612283026.288,5.353,0,638,0,0,384799037,1,1,0.9
996,:,1612283026.543,5.37,0,638,0,0,3543305936,0.5,1,0.95
992,:,1612283026.106,6.125,0,638,0,0,240309497,2,25,0.8
998,:,1612283026.698,5.552,0,638,0,0,90715284,1,5,0.9
995,:,1612283026.521,5.842,0,638,0,0,1111384852,0.125,25,0.8
999,:,1612283026.78,5.595,0,638,0,0,240309497,0.125,1,0.8
997,:,1612283026.69,5.807,0,638,0,0,1395720285,1,25,0.95
1003,:,1612283027.218,5.445,0,639,0,0,384799037,0.125,1,0.9
1000,:,1612283026.897,5.796,0,639,0,0,4047805392,0.0625,25,0.95
1002,:,1612283027.21,5.493,0,639,0,0,733348321,0.5,5,0.8
1001,:,1612283026.962,5.881,0,639,0,0,1395720285,0.0625,25,0.9
1005,:,1612283027.702,5.517,0,639,0,0,2289609983,2,5,0.8
1006,:,1612283027.806,5.437,0,639,0,0,2289609983,0.25,1,0.95
1004,:,1612283027.533,5.861,0,639,0,0,90715284,1,25,0.95
1008,:,1612283027.89,5.548,0,639,0,0,2182315642,0.0625,1,0.95
1010,:,1612283028.017,5.503,0,639,0,0,2182315642,1,1,0.95
1011,:,1612283028.062,5.476,0,639,0,0,240309497,0.5,5,0.8
1007,:,1612283027.839,5.982,0,639,0,0,3390822559,0.5,25,0.9
1009,:,1612283027.934,5.901,0,639,0,0,107577988,0.25,25,0.8
1012,:,1612283028.766,5.375,0,639,0,0,1501843923,0.0625,1,0.95
1013,:,1612283028.798,5.559,0,639,0,0,1953635580,0.125,5,0.9
1014,:,1612283028.998,5.54,0,639,0,0,3602412539,2,5,0.8
1015,:,1612283029.017,5.884,0,639,0,0,733348321,2,25,0.8
1016,:,1612283029.214,5.792,0,639,0,0,3602412539,0.5,25,0.95
1019,:,1612283029.698,5.561,0,639,0,0,2289609983,0.25,5,0.9
1020,:,1612283029.77,5.506,0,639,0,0,240309497,0.25,5,0.95
1018,:,1612283029.43,5.983,0,639,0,0,4047805392,0.5,25,0.9
1017,:,1612283029.363,6.057,0,639,0,0,4173556719,2,1,0.95
1021,:,1612283030.37,5.464,0,639,0,0,384799037,0.25,1,0.9
1022,:,1612283030.765,5.396,0,639,0,0,107577988,0.125,1,0.95
1023,:,1612283031.46,5.384,0,639,0,0,2390141961,1,1,0.8
1025,:,1612283031.681,5.418,0,639,0,0,240309497,1,1,0.8
1024,:,1612283031.642,5.788,0,639,0,0,2182315642,0.125,25,0.9
1026,:,1612283031.976,5.537,0,639,0,0,1111384852,0.5,1,0.95
1027,:,1612283032.25,5.46,0,639,0,0,1395720285,1,5,0.9
1030,:,1612283032.41,5.588,0,639,0,0,4047805392,0.25,5,0.8
1031,:,1612283032.54,5.473,0,639,0,0,1395720285,0.25,1,0.9
1032,:,1612283032.693,5.33,0,639,0,0,2034693659,0.125,1,0.95
1028,:,1612283032.298,5.78,0,639,0,0,1111384852,2,25,0.9
1034,:,1612283032.738,5.371,0,639,0,0,3602412539,0.0625,1,0.95
1029,:,1612283032.374,5.928,0,639,0,0,2034693659,1,25,0.8
1035,:,1612283032.858,5.453,0,639,0,0,2182315642,0.25,5,0.8
1033,:,1612283032.702,5.79,0,639,0,0,733348321,1,25,0.9
1036,:,1612283033.242,5.707,0,639,0,0,2390141961,1,5,0.8
1040,:,1612283033.538,5.54,0,639,0,0,3602412539,1,5,0.9
1037,:,1612283033.29,5.861,0,639,0,0,107577988,0.0625,25,0.9
1039,:,1612283033.462,5.711,0,639,0,0,3543305936,0.0625,1,0.9
1041,:,1612283033.573,5.628,0,639,0,0,2390141961,0.0625,5,0.9
1042,:,1612283033.836,5.378,0,639,0,0,2034693659,1,1,0.9
1038,:,1612283033.438,5.824,0,639,0,0,90715284,1,25,0.8
1044,:,1612283034.162,5.322,0,639,0,0,991818103,2,1,0.8
1043,:,1612283033.877,5.832,0,639,0,0,991818103,0.25,25,0.9
1045,:,1612283034.376,5.565,0,639,0,0,2182315642,0.0625,5,0.95
1046,:,1612283034.546,5.538,0,639,0,0,2182315642,0.125,5,0.8
1048,:,1612283035.026,5.371,0,639,0,0,3602412539,1,1,0.9
1049,:,1612283035.276,5.414,0,639,0,0,2289609983,1,1,0.8
1050,:,1612283035.311,5.511,0,639,0,0,2034693659,2,1,0.8
1051,:,1612283035.42,5.468,0,639,0,0,1953635580,0.5,5,0.95
1047,:,1612283034.918,5.982,0,639,0,0,3543305936,1,25,0.95
1052,:,1612283035.43,5.846,0,639,0,0,1501843923,0.0625,5,0.9
1053,:,1612283035.867,5.751,0,639,0,0,2182315642,0.0625,25,0.95
1054,:,1612283036.206,5.76,0,639,0,0,3602412539,1,25,0.95
1055,:,1612283036.852,5.441,0,639,0,0,90715284,0.125,5,0.95
1060,:,1612283038.013,4.585,0,639,0,0,2289609983,0.125,1,0.8
1056,:,1612283037.132,5.702,0,639,0,0,3543305936,2,25,0.95
1058,:,1612283037.521,5.394,0,639,0,0,90715284,1,5,0.95
1057,:,1612283037.441,5.587,0,639,0,0,384799037,2,25,0.95
1059,:,1612283037.723,5.348,0,639,0,0,733348321,2,5,0.8
1068,:,1612283038.965,4.183,0,639,0,0,1111384852,0.0625,1,0.95
1062,:,1612283038.05,5.296,0,639,0,0,2289609983,0.125,1,0.9
1065,:,1612283038.311,5.05,0,639,0,0,1395720285,1,25,0.9
1063,:,1612283038.109,5.285,0,639,0,0,1501843923,0.125,5,0.9
1064,:,1612283038.121,5.388,0,639,0,0,1395720285,0.25,5,0.9
1066,:,1612283038.334,5.23,0,639,0,0,4047805392,2,25,0.95
1074,:,1612283039.29,4.296,0,639,0,0,107577988,0.0625,5,0.8
1061,:,1612283038.024,5.68,0,639,0,0,240309497,0.125,25,0.8
1078,:,1612283040.11,3.763,0,639,0,0,991818103,0.125,25,0.8
1067,:,1612283038.554,5.456,0,639,0,0,1501843923,2,25,0.8
1070,:,1612283039.173,4.907,0,639,0,0,384799037,0.0625,5,0.95
1072,:,1612283039.214,4.875,0,639,0,0,384799037,2,5,0.8
1071,:,1612283039.202,5.157,0,639,0,0,384799037,0.125,1,0.8
1073,:,1612283039.262,5.112,0,639,0,0,4017802264,0.25,1,0.95
1069,:,1612283039.15,5.615,0,639,0,0,384799037,0.0625,25,0.9
1075,:,1612283039.514,5.328,0,639,0,0,3390822559,0.125,25,0.95
1076,:,1612283039.719,5.13,0,639,0,0,733348321,0.25,1,0.8
1079,:,1612283040.429,4.616,0,639,0,0,384799037,2,1,0.8
1077,:,1612283039.99,5.069,0,639,0,0,384799037,0.125,5,0.8
1080,:,1612283040.734,4.893,0,639,0,0,1501843923,0.25,25,0.9
